id,dest_type_id,name,category,land_req_sqkm,pop_req,access_mode,dist_in_20_min
1001,1001,Multi_purpose_community_centre,sport_and_recreation,0.008,8000,walking,0.8
1004,1004,GP,health_facilities_and_services,3.83E-05,300,walking,0.8
1005,1005,Dentists,health_facilities_and_services,0.000115,1000,walking,0.8
1006,1006,Preschool_3_year_old_activity_group,learning,0.0025,10000,walking,0.8
1008,1008,Childcare centre,learning,0.0025,9000,walking,0.8
1009,1009,Government primary school,learning,0.035,9000,walking,0.8
1010,1010,Local Park,parkd_and_playgrounds,0.0085,1000,walking,0.8
1011,1011,District sports facility,sport_and_recreation,0.08,9000,walking,0.8
1012,1012,Corner Store/Convenience Store,shopping_centres,0.000115,1000,walking,0.8
1013,1013,Local shops/Local supermarket,shopping_centres,0.0003,1000,walking,0.8
1014,1014,Speciality food destination,shopping_centres,0.0003,1000,walking,0.8
1015,1015,Regional suppermarket: Major suppermarket,shopping_centres,0.003,10000,walking,0.8
2003,2003,Residential agedcare/retirement village/aged housing,aged_care,0.1,30000,walking,0.8
2004,2004,Community health centre,health_facilities_and_services,0.006,30000,walking,0.8
2005,2005,Community health service Organisations,health_facilities_and_services,0.004,30000,walking,0.8
2006,2006,Maternal and Child Health Centre,health_facilities_and_services,0.001,16000,walking,0.8
2008,2008,Catholic Primary School,learning,0.026,18000,walking,0.8
2009,2009,Government Secondary School,learning,0.084,30000,walking,0.8
2011,2011,District Park,parkd_and_playgrounds,0.04,30000,walking,0.8
2012,2012,Lower order indoor recreational centre,sport_and_recreation,0.006,20000,walking,0.8
2013,2013,Lower order Tennis courts,sport_and_recreation,0.015,25000,walking,0.8
2014,2014,Large supermarket,shopping_centres,0.0045,15000,walking,0.8
